simulation_id,treatment_id,intercrop,soilN,diffusion,lateral_enabled,influx_max,KM,NC_MIN,K2,coverage,total_root_biomass,total_uptake_Î¼mol,total_uptake_mg,m3_uptake_cereal,uptake_per_gram_mg,uptake_per_gram_legume_mg,uptake_per_gram_cereal_mg,total_legume_uptake_mg,total_cereal_uptake_mg,final_soil_N_Î¼mol,final_soil_N_mg,start_soil_N_per_layer
Treatment1_Rep1,1,false,20.0,0.00018,true,250.0,50,0.01,1.46,1.0,9.897927163327761,15593.139912476721,218.3039587746741,15593.139912476721,22.05552285568432,NaN,22.05552285568432,0.0,218.3039587746741,4406.8600875232805,61.69604122532593,"[20.0, 20.0, 20.0, 20.0, 20.0, 20.0, 20.0, 20.0, 20.0, 20.0]"
Treatment1_Rep2,1,false,20.0,0.00018,true,250.0,50,0.01,1.46,1.0,9.916330733380263,15595.911073833482,218.34275503366877,15595.911073833482,22.01850270066985,NaN,22.01850270066985,0.0,218.34275503366877,4404.088926166517,61.65724496633124,"[20.0, 20.0, 20.0, 20.0, 20.0, 20.0, 20.0, 20.0, 20.0, 20.0]"
Treatment1_Rep3,1,false,20.0,0.00018,true,250.0,50,0.01,1.46,1.0,9.91419837924615,15602.246066439322,218.43144493015052,15602.246066439322,22.032184204363226,NaN,22.032184204363226,0.0,218.43144493015052,4397.753933560678,61.568555069849495,"[20.0, 20.0, 20.0, 20.0, 20.0, 20.0, 20.0, 20.0, 20.0, 20.0]"
Treatment1_Rep4,1,false,20.0,0.00018,true,250.0,50,0.01,1.46,1.0,9.901505187899234,15587.620995623058,218.2266939387228,15587.620995623058,22.039749492372195,NaN,22.039749492372195,0.0,218.2266939387228,4412.379004376943,61.773306061277204,"[20.0, 20.0, 20.0, 20.0, 20.0, 20.0, 20.0, 20.0, 20.0, 20.0]"
Treatment1_Rep5,1,false,20.0,0.00018,true,250.0,50,0.01,1.46,1.0,9.903186111913808,15592.073828467064,218.2890335985389,15592.073828467064,22.042303469984386,NaN,22.042303469984386,0.0,218.2890335985389,4407.926171532933,61.710966401461064,"[20.0, 20.0, 20.0, 20.0, 20.0, 20.0, 20.0, 20.0, 20.0, 20.0]"
Treatment1_Rep6,1,false,20.0,0.00018,true,250.0,50,0.01,1.46,1.0,9.895405362570155,15595.411426886598,218.33575997641236,15595.411426886598,22.064357343285586,NaN,22.064357343285586,0.0,218.33575997641236,4404.588573113403,61.664240023587645,"[20.0, 20.0, 20.0, 20.0, 20.0, 20.0, 20.0, 20.0, 20.0, 20.0]"
Treatment1_Rep7,1,false,20.0,0.00018,true,250.0,50,0.01,1.46,1.0,9.911798876656023,15595.702053364343,218.3398287471008,15595.702053364343,22.028274732382666,NaN,22.028274732382666,0.0,218.3398287471008,4404.297946635658,61.66017125289922,"[20.0, 20.0, 20.0, 20.0, 20.0, 20.0, 20.0, 20.0, 20.0, 20.0]"
Treatment1_Rep8,1,false,20.0,0.00018,true,250.0,50,0.01,1.46,1.0,9.911339475782386,15591.930959816174,218.28703343742646,15591.930959816174,22.023969007498373,NaN,22.023969007498373,0.0,218.28703343742646,4408.0690401838265,61.71296656257357,"[20.0, 20.0, 20.0, 20.0, 20.0, 20.0, 20.0, 20.0, 20.0, 20.0]"
Treatment1_Rep9,1,false,20.0,0.00018,true,250.0,50,0.01,1.46,1.0,9.897594608757284,15589.673965713091,218.25543551998328,15589.673965713091,22.051361380963534,NaN,22.051361380963534,0.0,218.25543551998328,4410.326034286909,61.74456448001673,"[20.0, 20.0, 20.0, 20.0, 20.0, 20.0, 20.0, 20.0, 20.0, 20.0]"
Treatment1_Rep10,1,false,20.0,0.00018,true,250.0,50,0.01,1.46,1.0,9.906924757430914,15595.019858368663,218.3302780171613,15595.019858368663,22.038148402550213,NaN,22.038148402550213,0.0,218.3302780171613,4404.9801416313385,61.66972198283874,"[20.0, 20.0, 20.0, 20.0, 20.0, 20.0, 20.0, 20.0, 20.0, 20.0]"
Treatment1_Rep11,1,false,20.0,0.00018,true,250.0,50,0.01,1.46,1.0,9.88747957035804,15594.084405632,218.31718167884802,15594.084405632,22.08016513463627,NaN,22.08016513463627,0.0,218.31718167884802,4405.915594368003,61.68281832115205,"[20.0, 20.0, 20.0, 20.0, 20.0, 20.0, 20.0, 20.0, 20.0, 20.0]"
Treatment1_Rep12,1,false,20.0,0.00018,true,250.0,50,0.01,1.46,1.0,9.91074237469222,15604.301683455948,218.46022356838327,15604.301683455948,22.04277089537075,NaN,22.04277089537075,0.0,218.46022356838327,4395.698316544054,61.53977643161676,"[20.0, 20.0, 20.0, 20.0, 20.0, 20.0, 20.0, 20.0, 20.0, 20.0]"
Treatment1_Rep13,1,false,20.0,0.00018,true,250.0,50,0.01,1.46,1.0,9.895188051770806,15590.469759949081,218.26657663928714,15590.469759949081,22.057850290195038,NaN,22.057850290195038,0.0,218.26657663928714,4409.530240050917,61.73342336071284,"[20.0, 20.0, 20.0, 20.0, 20.0, 20.0, 20.0, 20.0, 20.0, 20.0]"
Treatment1_Rep14,1,false,20.0,0.00018,true,250.0,50,0.01,1.46,1.0,9.917160657789442,15599.963919322327,218.39949487051257,15599.963919322327,22.022381446343772,NaN,22.022381446343772,0.0,218.39949487051257,4400.036080677672,61.6005051294874,"[20.0, 20.0, 20.0, 20.0, 20.0, 20.0, 20.0, 20.0, 20.0, 20.0]"
Treatment1_Rep15,1,false,20.0,0.00018,true,250.0,50,0.01,1.46,1.0,9.89439722010216,15590.212219248733,218.26297106948226,15590.212219248733,22.059248907658944,NaN,22.059248907658944,0.0,218.26297106948226,4409.787780751268,61.73702893051775,"[20.0, 20.0, 20.0, 20.0, 20.0, 20.0, 20.0, 20.0, 20.0, 20.0]"
Treatment1_Rep16,1,false,20.0,0.00018,true,250.0,50,0.01,1.46,1.0,9.919997164631239,15596.37563296665,218.34925886153312,15596.37563296665,22.011020289404478,NaN,22.011020289404478,0.0,218.34925886153312,4403.624367033351,61.65074113846691,"[20.0, 20.0, 20.0, 20.0, 20.0, 20.0, 20.0, 20.0, 20.0, 20.0]"
Treatment1_Rep17,1,false,20.0,0.00018,true,250.0,50,0.01,1.46,1.0,9.890179788518784,15592.642421847777,218.29699390586887,15592.642421847777,22.072095611374362,NaN,22.072095611374362,0.0,218.29699390586887,4407.35757815222,61.703006094131084,"[20.0, 20.0, 20.0, 20.0, 20.0, 20.0, 20.0, 20.0, 20.0, 20.0]"
Treatment1_Rep18,1,false,20.0,0.00018,true,250.0,50,0.01,1.46,1.0,9.900869202990869,15593.030339839928,218.302424757759,15593.030339839928,22.04881412753275,NaN,22.04881412753275,0.0,218.302424757759,4406.96966016007,61.69757524224098,"[20.0, 20.0, 20.0, 20.0, 20.0, 20.0, 20.0, 20.0, 20.0, 20.0]"
Treatment1_Rep19,1,false,20.0,0.00018,true,250.0,50,0.01,1.46,1.0,9.904658038246943,15591.517721666474,218.28124810333065,15591.517721666474,22.03824173034902,NaN,22.03824173034902,0.0,218.28124810333065,4408.482278333524,61.71875189666934,"[20.0, 20.0, 20.0, 20.0, 20.0, 20.0, 20.0, 20.0, 20.0, 20.0]"
Treatment1_Rep20,1,false,20.0,0.00018,true,250.0,50,0.01,1.46,1.0,9.899925683372263,15592.685455442717,218.29759637619804,15592.685455442717,22.050427786831445,NaN,22.050427786831445,0.0,218.29759637619804,4407.314544557288,61.702403623802034,"[20.0, 20.0, 20.0, 20.0, 20.0, 20.0, 20.0, 20.0, 20.0, 20.0]"
Treatment2_Rep1,2,false,20.0,0.00018,false,250.0,50,0.01,1.46,1.0,9.89637280757505,15588.120233273927,218.23368326583497,15588.120233273927,22.05188582818857,NaN,22.05188582818857,0.0,218.23368326583497,4411.879766726077,61.76631673416508,"[20.0, 20.0, 20.0, 20.0, 20.0, 20.0, 20.0, 20.0, 20.0, 20.0]"
Treatment2_Rep2,2,false,20.0,0.00018,false,250.0,50,0.01,1.46,1.0,9.886927435392856,15589.747588982671,218.2564662457574,15589.747588982671,22.075257219391638,NaN,22.075257219391638,0.0,218.2564662457574,4410.252411017325,61.743533754242556,"[20.0, 20.0, 20.0, 20.0, 20.0, 20.0, 20.0, 20.0, 20.0, 20.0]"
Treatment2_Rep3,2,false,20.0,0.00018,false,250.0,50,0.01,1.46,1.0,9.904409549522596,15595.180092186498,218.33252129061097,15595.180092186498,22.043971445136258,NaN,22.043971445136258,0.0,218.33252129061097,4404.819907813503,61.667478709389044,"[20.0, 20.0, 20.0, 20.0, 20.0, 20.0, 20.0, 20.0, 20.0, 20.0]"
Treatment2_Rep4,2,false,20.0,0.00018,false,250.0,50,0.01,1.46,1.0,9.890662640210584,15584.428734083749,218.1820022771725,15584.428734083749,22.059391793442785,NaN,22.059391793442785,0.0,218.1820022771725,4415.571265916249,61.81799772282749,"[20.0, 20.0, 20.0, 20.0, 20.0, 20.0, 20.0, 20.0, 20.0, 20.0]"
Treatment2_Rep5,2,false,20.0,0.00018,false,250.0,50,0.01,1.46,1.0,9.899224750104443,15589.157580671597,218.24820612940238,15589.157580671597,22.046999804413947,NaN,22.046999804413947,0.0,218.24820612940238,4410.842419328407,61.7517938705977,"[20.0, 20.0, 20.0, 20.0, 20.0, 20.0, 20.0, 20.0, 20.0, 20.0]"
Treatment2_Rep6,2,false,20.0,0.00018,false,250.0,50,0.01,1.46,1.0,9.921092496759773,15593.625452729486,218.3107563382128,15593.625452729486,22.004709300867127,NaN,22.004709300867127,0.0,218.3107563382128,4406.374547270516,61.68924366178722,"[20.0, 20.0, 20.0, 20.0, 20.0, 20.0, 20.0, 20.0, 20.0, 20.0]"
Treatment2_Rep7,2,false,20.0,0.00018,false,250.0,50,0.01,1.46,1.0,9.897163349168197,15591.390719328412,218.27947007059777,15591.390719328412,22.05475067651005,NaN,22.05475067651005,0.0,218.27947007059777,4408.609280671587,61.72052992940222,"[20.0, 20.0, 20.0, 20.0, 20.0, 20.0, 20.0, 20.0, 20.0, 20.0]"
Treatment2_Rep8,2,false,20.0,0.00018,false,250.0,50,0.01,1.46,1.0,9.919764263294224,15596.334206331301,218.34867888863823,15596.334206331301,22.011478609082133,NaN,22.011478609082133,0.0,218.34867888863823,4403.665793668702,61.651321111361824,"[20.0, 20.0, 20.0, 20.0, 20.0, 20.0, 20.0, 20.0, 20.0, 20.0]"
Treatment2_Rep9,2,false,20.0,0.00018,false,250.0,50,0.01,1.46,1.0,9.910660129851848,15592.629931446987,218.29681904025782,15592.629931446987,22.026466065840268,NaN,22.026466065840268,0.0,218.29681904025782,4407.370068553015,61.703180959742205,"[20.0, 20.0, 20.0, 20.0, 20.0, 20.0, 20.0, 20.0, 20.0, 20.0]"
Treatment2_Rep10,2,false,20.0,0.00018,false,250.0,50,0.01,1.46,1.0,9.895654467140442,15594.90962320547,218.3287347248766,15594.90962320547,22.06309198142074,NaN,22.06309198142074,0.0,218.3287347248766,4405.090376794529,61.67126527512341,"[20.0, 20.0, 20.0, 20.0, 20.0, 20.0, 20.0, 20.0, 20.0, 20.0]"
Treatment2_Rep11,2,false,20.0,0.00018,false,250.0,50,0.01,1.46,1.0,9.89417045533894,15591.926460491388,218.28697044687942,15591.926460491388,22.06218009202487,NaN,22.06218009202487,0.0,218.28697044687942,4408.07353950861,61.71302955312055,"[20.0, 20.0, 20.0, 20.0, 20.0, 20.0, 20.0, 20.0, 20.0, 20.0]"
Treatment2_Rep12,2,false,20.0,0.00018,false,250.0,50,0.01,1.46,1.0,9.904299835589201,15595.60079160618,218.33841108248654,15595.60079160618,22.044810305310964,NaN,22.044810305310964,0.0,218.33841108248654,4404.399208393821,61.6615889175135,"[20.0, 20.0, 20.0, 20.0, 20.0, 20.0, 20.0, 20.0, 20.0, 20.0]"
Treatment2_Rep13,2,false,20.0,0.00018,false,250.0,50,0.01,1.46,1.0,9.88558540458272,15587.589757171292,218.2262566003981,15587.589757171292,22.07519814650872,NaN,22.07519814650872,0.0,218.2262566003981,4412.410242828707,61.7737433996019,"[20.0, 20.0, 20.0, 20.0, 20.0, 20.0, 20.0, 20.0, 20.0, 20.0]"
Treatment2_Rep14,2,false,20.0,0.00018,false,250.0,50,0.01,1.46,1.0,9.893718883933214,15595.388162777424,218.33543427888395,15595.388162777424,22.068085503566017,NaN,22.068085503566017,0.0,218.33543427888395,4404.611837222574,61.664565721116034,"[20.0, 20.0, 20.0, 20.0, 20.0, 20.0, 20.0, 20.0, 20.0, 20.0]"
Treatment2_Rep15,2,false,20.0,0.00018,false,250.0,50,0.01,1.46,1.0,9.892135942297584,15587.946342570986,218.2312487959938,15587.946342570986,22.06108469080608,NaN,22.06108469080608,0.0,218.2312487959938,4412.0536574290145,61.76875120400621,"[20.0, 20.0, 20.0, 20.0, 20.0, 20.0, 20.0, 20.0, 20.0, 20.0]"
Treatment2_Rep16,2,false,20.0,0.00018,false,250.0,50,0.01,1.46,1.0,9.903417361143354,15595.357125615918,218.33499975862284,15595.357125615918,22.0464302166314,NaN,22.0464302166314,0.0,218.33499975862284,4404.642874384084,61.66500024137718,"[20.0, 20.0, 20.0, 20.0, 20.0, 20.0, 20.0, 20.0, 20.0, 20.0]"
Treatment2_Rep17,2,false,20.0,0.00018,false,250.0,50,0.01,1.46,1.0,9.89742127277468,15594.18689266337,218.3186164972872,15594.18689266337,22.05813115157853,NaN,22.05813115157853,0.0,218.3186164972872,4405.813107336628,61.68138350271279,"[20.0, 20.0, 20.0, 20.0, 20.0, 20.0, 20.0, 20.0, 20.0, 20.0]"
Treatment2_Rep18,2,false,20.0,0.00018,false,250.0,50,0.01,1.46,1.0,9.910578441555801,15595.402634511165,218.33563688315633,15595.402634511165,22.030564428778302,NaN,22.030564428778302,0.0,218.33563688315633,4404.597365488836,61.6643631168437,"[20.0, 20.0, 20.0, 20.0, 20.0, 20.0, 20.0, 20.0, 20.0, 20.0]"
Treatment2_Rep19,2,false,20.0,0.00018,false,250.0,50,0.01,1.46,1.0,9.908176256347698,15592.842336121768,218.29979270570476,15592.842336121768,22.032287986989576,NaN,22.032287986989576,0.0,218.29979270570476,4407.1576638782335,61.70020729429527,"[20.0, 20.0, 20.0, 20.0, 20.0, 20.0, 20.0, 20.0, 20.0, 20.0]"
Treatment2_Rep20,2,false,20.0,0.00018,false,250.0,50,0.01,1.46,1.0,9.893145246139738,15586.323083353402,218.20852316694763,15586.323083353402,22.05653689882817,NaN,22.05653689882817,0.0,218.20852316694763,4413.676916646598,61.79147683305238,"[20.0, 20.0, 20.0, 20.0, 20.0, 20.0, 20.0, 20.0, 20.0, 20.0]"
Treatment3_Rep1,3,true,20.0,0.00018,true,250.0,50,0.01,1.46,1.0,8.252783395882439,14632.416364408587,204.85382910172024,7867.274550991796,24.82239255230277,28.722964712700236,22.226842422598338,94.7119853878351,110.14184371388515,5367.583635591412,75.14617089827976,"[20.0, 20.0, 20.0, 20.0, 20.0, 20.0, 20.0, 20.0, 20.0, 20.0]"
Treatment3_Rep2,3,true,20.0,0.00018,true,250.0,50,0.01,1.46,1.0,8.250105270711952,14632.117300199994,204.8496422027999,7864.280313086123,24.829942828732197,28.681487482883085,22.257739870676748,94.74971781959424,110.09992438320572,5367.882699800004,75.15035779720006,"[20.0, 20.0, 20.0, 20.0, 20.0, 20.0, 20.0, 20.0, 20.0, 20.0]"
Treatment3_Rep3,3,true,20.0,0.00018,true,250.0,50,0.01,1.46,1.0,8.254132994979726,14635.47881858642,204.8967034602099,7871.637395185594,24.82352823547074,28.745063600849665,22.218910687532247,94.69377992761157,110.20292353259832,5364.521181413581,75.10329653979014,"[20.0, 20.0, 20.0, 20.0, 20.0, 20.0, 20.0, 20.0, 20.0, 20.0]"
Treatment3_Rep4,3,true,20.0,0.00018,true,250.0,50,0.01,1.46,1.0,8.260638012718344,14636.25589852907,204.907582579407,7866.322513513009,24.805297395179974,28.675645570265157,22.223820727564426,94.77906739022484,110.12851518918212,5363.744101470928,75.092417420593,"[20.0, 20.0, 20.0, 20.0, 20.0, 20.0, 20.0, 20.0, 20.0, 20.0]"
Treatment3_Rep5,3,true,20.0,0.00018,true,250.0,50,0.01,1.46,1.0,8.255930428564678,14634.176967762029,204.8784775486684,7868.4486116415865,24.815916185510687,28.690585376687853,22.23402063704687,94.72019698568621,110.15828056298221,5365.823032237969,75.12152245133156,"[20.0, 20.0, 20.0, 20.0, 20.0, 20.0, 20.0, 20.0, 20.0, 20.0]"
Treatment3_Rep6,3,true,20.0,0.00018,true,250.0,50,0.01,1.46,1.0,8.2504127311701,14630.454204426083,204.82635886196516,7865.943436461082,24.826195432396997,28.697399988779264,22.245528960118296,94.70315075151004,110.12320811045514,5369.545795573916,75.17364113803482,"[20.0, 20.0, 20.0, 20.0, 20.0, 20.0, 20.0, 20.0, 20.0, 20.0]"
Treatment3_Rep7,3,true,20.0,0.00018,true,250.0,50,0.01,1.46,1.0,8.244914481116274,14631.006217320237,204.83408704248333,7866.79108974876,24.843688495693286,28.73734706117345,22.251373295323674,94.69901178600064,110.13507525648264,5368.993782679765,75.16591295751671,"[20.0, 20.0, 20.0, 20.0, 20.0, 20.0, 20.0, 20.0, 20.0, 20.0]"
Treatment3_Rep8,3,true,20.0,0.00018,true,250.0,50,0.01,1.46,1.0,8.263927930727117,14637.25684494144,204.92159582918015,7868.086270950702,24.797117974279058,28.659316774574947,22.220824646772225,94.76838803587034,110.15320779330983,5362.743155058561,75.07840417081985,"[20.0, 20.0, 20.0, 20.0, 20.0, 20.0, 20.0, 20.0, 20.0, 20.0]"
Treatment3_Rep9,3,true,20.0,0.00018,true,250.0,50,0.01,1.46,1.0,8.260201824422358,14635.617408968506,204.89864372555908,7867.771580736397,24.805525104695345,28.688653195075712,22.21858343291773,94.7498415952495,110.14880213030955,5364.382591031495,75.10135627444093,"[20.0, 20.0, 20.0, 20.0, 20.0, 20.0, 20.0, 20.0, 20.0, 20.0]"
Treatment3_Rep10,3,true,20.0,0.00018,true,250.0,50,0.01,1.46,1.0,8.243975554616405,14633.251926241419,204.86552696737988,7866.243471115552,24.850331688897437,28.716962835532637,22.270701394074642,94.7381183717621,110.12740859561772,5366.748073758585,75.13447303262019,"[20.0, 20.0, 20.0, 20.0, 20.0, 20.0, 20.0, 20.0, 20.0, 20.0]"
Treatment3_Rep11,3,true,20.0,0.00018,true,250.0,50,0.01,1.46,1.0,8.252552982361564,14635.484992138237,204.89678988993532,7866.894037201417,24.828291357579594,28.71131910496469,22.240352652317043,94.76027336911551,110.13651652081984,5364.515007861762,75.10321011006467,"[20.0, 20.0, 20.0, 20.0, 20.0, 20.0, 20.0, 20.0, 20.0, 20.0]"
Treatment3_Rep12,3,true,20.0,0.00018,true,250.0,50,0.01,1.46,1.0,8.259150485692501,14632.019378511312,204.84827129915837,7868.542188373454,24.80258371051857,28.70259368941271,22.208737634670154,94.68868066193002,110.15959063722836,5367.980621488685,75.15172870084159,"[20.0, 20.0, 20.0, 20.0, 20.0, 20.0, 20.0, 20.0, 20.0, 20.0]"
Treatment3_Rep13,3,true,20.0,0.00018,true,250.0,50,0.01,1.46,1.0,8.246629531825244,14622.014580267682,204.70820412374755,7862.202034986455,24.823256984413007,28.670749790385045,22.255432914133614,94.63737563393714,110.07082848981038,5377.985419732319,75.29179587625248,"[20.0, 20.0, 20.0, 20.0, 20.0, 20.0, 20.0, 20.0, 20.0, 20.0]"
Treatment3_Rep14,3,true,20.0,0.00018,true,250.0,50,0.01,1.46,1.0,8.26114816645847,14632.203063054309,204.85084288276033,7866.588281601485,24.796897326510397,28.702934061810634,22.198773446490566,94.71860694033957,110.13223594242079,5367.7969369456905,75.14915711723967,"[20.0, 20.0, 20.0, 20.0, 20.0, 20.0, 20.0, 20.0, 20.0, 20.0]"
Treatment3_Rep15,3,true,20.0,0.00018,true,250.0,50,0.01,1.46,1.0,8.255011897789718,14636.66711085198,204.91333955192772,7864.703753611227,24.822900571081348,28.683165353004615,22.24506119015364,94.80748700137055,110.10585255055717,5363.3328891480205,75.0866604480723,"[20.0, 20.0, 20.0, 20.0, 20.0, 20.0, 20.0, 20.0, 20.0, 20.0]"
Treatment3_Rep16,3,true,20.0,0.00018,true,250.0,50,0.01,1.46,1.0,8.247301927498066,14630.10005704335,204.8214007986069,7865.251975430171,24.83495846268142,28.754369481159834,22.22892048589753,94.70787314258452,110.1135276560224,5369.89994295665,75.1785992013931,"[20.0, 20.0, 20.0, 20.0, 20.0, 20.0, 20.0, 20.0, 20.0, 20.0]"
Treatment3_Rep17,3,true,20.0,0.00018,true,250.0,50,0.01,1.46,1.0,8.246416995306975,14631.072853840758,204.83501995377063,7863.814396178312,24.839275053679916,28.696970305882584,22.263729190447588,94.7416184072743,110.09340154649637,5368.92714615924,75.16498004622936,"[20.0, 20.0, 20.0, 20.0, 20.0, 20.0, 20.0, 20.0, 20.0, 20.0]"
Treatment3_Rep18,3,true,20.0,0.00018,true,250.0,50,0.01,1.46,1.0,8.242976675432107,14630.630322714582,204.82882451800415,7864.001326976078,24.848890465563127,28.688933437258,22.282544242149882,94.73280594033905,110.0960185776651,5369.3696772854155,75.17117548199582,"[20.0, 20.0, 20.0, 20.0, 20.0, 20.0, 20.0, 20.0, 20.0, 20.0]"
Treatment3_Rep19,3,true,20.0,0.00018,true,250.0,50,0.01,1.46,1.0,8.252999757313606,14639.582608375418,204.95415651725585,7869.722089334131,24.833898284757673,28.676868716799763,22.266953950861215,94.77804726657801,110.17610925067784,5360.417391624584,75.04584348274417,"[20.0, 20.0, 20.0, 20.0, 20.0, 20.0, 20.0, 20.0, 20.0, 20.0]"
Treatment3_Rep20,3,true,20.0,0.00018,true,250.0,50,0.01,1.46,1.0,8.252617062113451,14630.023392774892,204.82032749884848,7861.427785089414,24.818833341867812,28.70491734399988,22.22792555906815,94.76033850759671,110.0599889912518,5369.976607225108,75.17967250115152,"[20.0, 20.0, 20.0, 20.0, 20.0, 20.0, 20.0, 20.0, 20.0, 20.0]"
Treatment4_Rep1,4,true,20.0,0.00018,false,250.0,50,0.01,1.46,1.0,8.245910366661283,14619.42235775896,204.67191300862544,7796.899215729088,24.82102083429459,28.94138615231434,22.071419345478997,95.51532398841817,109.15658902020724,5380.577642241042,75.32808699137459,"[20.0, 20.0, 20.0, 20.0, 20.0, 20.0, 20.0, 20.0, 20.0, 20.0]"
Treatment4_Rep2,4,true,20.0,0.00018,false,250.0,50,0.01,1.46,1.0,8.253770266444912,14614.050067439379,204.5967009441513,7797.603173252536,24.78827182480762,28.94996591903126,22.020976006284073,95.43025651861583,109.1664444255355,5385.949932560618,75.40329905584866,"[20.0, 20.0, 20.0, 20.0, 20.0, 20.0, 20.0, 20.0, 20.0, 20.0]"
Treatment4_Rep3,4,true,20.0,0.00018,false,250.0,50,0.01,1.46,1.0,8.238659103121245,14613.201708463659,204.58482391849122,7796.253722911787,24.83229629454914,28.960117761901998,22.08040298150187,95.4372717977262,109.14755212076503,5386.798291536343,75.4151760815088,"[20.0, 20.0, 20.0, 20.0, 20.0, 20.0, 20.0, 20.0, 20.0, 20.0]"
Treatment4_Rep4,4,true,20.0,0.00018,false,250.0,50,0.01,1.46,1.0,8.248986845117798,14616.494983810577,204.63092977334807,7793.679678289163,24.806795502948326,28.93068621995649,22.054659831418927,95.51941427729982,109.11151549604828,5383.505016189422,75.36907022665191,"[20.0, 20.0, 20.0, 20.0, 20.0, 20.0, 20.0, 20.0, 20.0, 20.0]"
Treatment4_Rep5,4,true,20.0,0.00018,false,250.0,50,0.01,1.46,1.0,8.249664357411488,14614.562999011785,204.603881986165,7794.870290641477,24.801479565935203,28.918994807263804,22.054220316968813,95.47569791718429,109.12818406898069,5385.437000988218,75.39611801383505,"[20.0, 20.0, 20.0, 20.0, 20.0, 20.0, 20.0, 20.0, 20.0, 20.0]"
Treatment4_Rep6,4,true,20.0,0.00018,false,250.0,50,0.01,1.46,1.0,8.240520481200708,14612.989855454985,204.5818579763698,7796.135942037516,24.826327225699785,28.948939041538807,22.077236427231348,95.4359547878446,109.14590318852522,5387.010144545015,75.41814202363021,"[20.0, 20.0, 20.0, 20.0, 20.0, 20.0, 20.0, 20.0, 20.0, 20.0]"
Treatment4_Rep7,4,true,20.0,0.00018,false,250.0,50,0.01,1.46,1.0,8.228749925853588,14610.15265414576,204.54213715804065,7795.364387970478,24.857012183028882,28.977511251626606,22.108689716736738,95.40703572645397,109.13510143158669,5389.8473458542385,75.45786284195934,"[20.0, 20.0, 20.0, 20.0, 20.0, 20.0, 20.0, 20.0, 20.0, 20.0]"
Treatment4_Rep8,4,true,20.0,0.00018,false,250.0,50,0.01,1.46,1.0,8.252677476192757,14618.790487487826,204.66306682482957,7796.648957264017,24.799595939043975,28.912773079809682,22.054274588567168,95.50998142313335,109.15308540169623,5381.209512512173,75.33693317517043,"[20.0, 20.0, 20.0, 20.0, 20.0, 20.0, 20.0, 20.0, 20.0, 20.0]"
Treatment4_Rep9,4,true,20.0,0.00018,false,250.0,50,0.01,1.46,1.0,8.246607796189572,14613.799274683888,204.59318984557444,7794.934497402902,24.809375551982573,28.94266809831294,22.05420439175999,95.46410688193382,109.12908296364063,5386.200725316114,75.4068101544256,"[20.0, 20.0, 20.0, 20.0, 20.0, 20.0, 20.0, 20.0, 20.0, 20.0]"
Treatment4_Rep10,4,true,20.0,0.00018,false,250.0,50,0.01,1.46,1.0,8.250127624444595,14619.37787303765,204.67129022252712,7798.506052484983,24.80825746453901,28.904944919916773,22.07214636473626,95.49220548773734,109.17908473478977,5380.62212696235,75.32870977747291,"[20.0, 20.0, 20.0, 20.0, 20.0, 20.0, 20.0, 20.0, 20.0, 20.0]"
Treatment4_Rep11,4,true,20.0,0.00018,false,250.0,50,0.01,1.46,1.0,8.251146513319792,14618.350792327972,204.65691109259163,7795.477712493001,24.803451346090483,28.931530089297997,22.049817856394935,95.52022311768961,109.13668797490202,5381.649207672028,75.34308890740839,"[20.0, 20.0, 20.0, 20.0, 20.0, 20.0, 20.0, 20.0, 20.0, 20.0]"
Treatment4_Rep12,4,true,20.0,0.00018,false,250.0,50,0.01,1.46,1.0,8.241430869083654,14617.50446377974,204.64506249291637,7792.369024726883,24.831253910119905,28.907473160635416,22.101570377084816,95.55189614674005,109.09316634617637,5382.495536220256,75.35493750708359,"[20.0, 20.0, 20.0, 20.0, 20.0, 20.0, 20.0, 20.0, 20.0, 20.0]"
Treatment4_Rep13,4,true,20.0,0.00018,false,250.0,50,0.01,1.46,1.0,8.227590402118077,14604.345741912593,204.4608403867763,7791.356129901193,24.850634316231975,28.978621849727546,22.098057657428015,95.38185456815958,109.0789858186167,5395.654258087408,75.53915961322372,"[20.0, 20.0, 20.0, 20.0, 20.0, 20.0, 20.0, 20.0, 20.0, 20.0]"
Treatment4_Rep14,4,true,20.0,0.00018,false,250.0,50,0.01,1.46,1.0,8.237578854712224,14613.781000335874,204.59293400470224,7791.356786802957,24.83653724148169,28.935085433120033,22.09595027149948,95.51393898946085,109.0789950152414,5386.2189996641255,75.40706599529776,"[20.0, 20.0, 20.0, 20.0, 20.0, 20.0, 20.0, 20.0, 20.0, 20.0]"
Treatment4_Rep15,4,true,20.0,0.00018,false,250.0,50,0.01,1.46,1.0,8.249277222445793,14622.273847768362,204.71183386875705,7796.476456743484,24.81572971165866,28.903963134090155,22.081349386258758,95.56116347434829,109.15067039440878,5377.726152231639,75.28816613124296,"[20.0, 20.0, 20.0, 20.0, 20.0, 20.0, 20.0, 20.0, 20.0, 20.0]"
Treatment4_Rep16,4,true,20.0,0.00018,false,250.0,50,0.01,1.46,1.0,8.25078891652426,14618.059283809396,204.65282997333156,7793.897393316245,24.80403171670812,28.916322227931975,22.057460416707244,95.5382664669041,109.11456350642743,5381.940716190605,75.34717002666846,"[20.0, 20.0, 20.0, 20.0, 20.0, 20.0, 20.0, 20.0, 20.0, 20.0]"
Treatment4_Rep17,4,true,20.0,0.00018,false,250.0,50,0.01,1.46,1.0,8.23695869924493,14605.29595465357,204.47414336514998,7791.492016719261,24.823985506190997,29.00638645667466,22.044290401554377,95.39325513108037,109.08088823406966,5394.704045346427,75.52585663484997,"[20.0, 20.0, 20.0, 20.0, 20.0, 20.0, 20.0, 20.0, 20.0, 20.0]"
Treatment4_Rep18,4,true,20.0,0.00018,false,250.0,50,0.01,1.46,1.0,8.254238815351613,14617.32530060593,204.642554208483,7795.291150034322,24.79241984468385,28.93729833965727,22.030790146608354,95.50847810800256,109.1340761004805,5382.674699394065,75.35744579151691,"[20.0, 20.0, 20.0, 20.0, 20.0, 20.0, 20.0, 20.0, 20.0, 20.0]"
Treatment4_Rep19,4,true,20.0,0.00018,false,250.0,50,0.01,1.46,1.0,8.240937980226077,14608.397984109653,204.51757177753515,7794.360510977572,24.817268649305444,28.989773772097774,22.0435771685691,95.39652462384912,109.121047153686,5391.602015890348,75.48242822246488,"[20.0, 20.0, 20.0, 20.0, 20.0, 20.0, 20.0, 20.0, 20.0, 20.0]"
Treatment4_Rep20,4,true,20.0,0.00018,false,250.0,50,0.01,1.46,1.0,8.244793921388949,14615.749001024778,204.6204860143469,7795.89752570187,24.81814439091229,28.945469651008427,22.065722282900577,95.47792065452074,109.14256535982618,5384.250998975221,75.37951398565309,"[20.0, 20.0, 20.0, 20.0, 20.0, 20.0, 20.0, 20.0, 20.0, 20.0]"
Treatment5_Rep1,5,false,20.0,0.00018,true,250.0,50,0.01,1.46,0.71,9.890195346813023,14172.830754017801,198.41963055624922,14172.830754017803,20.062255961424178,NaN,20.062255961424178,0.0,198.41963055624925,5827.169245982198,81.58036944375077,"[20.0, 20.0, 20.0, 20.0, 20.0, 20.0, 20.0, 20.0, 20.0, 20.0]"
Treatment5_Rep2,5,false,20.0,0.00018,true,250.0,50,0.01,1.46,0.68,9.912662219125012,14052.331720021155,196.73264408029618,14052.331720021153,19.84660021005555,NaN,19.846600210055552,0.0,196.73264408029615,5947.668279978846,83.26735591970385,"[20.0, 20.0, 20.0, 20.0, 20.0, 20.0, 20.0, 20.0, 20.0, 20.0]"
Treatment5_Rep3,5,false,20.0,0.00018,true,250.0,50,0.01,1.46,0.71,9.872953179354608,14161.457493166708,198.2604049043339,14161.457493166708,20.08116531119761,NaN,20.081165311197605,0.0,198.2604049043339,5838.54250683329,81.73959509566606,"[20.0, 20.0, 20.0, 20.0, 20.0, 20.0, 20.0, 20.0, 20.0, 20.0]"
Treatment5_Rep4,5,false,20.0,0.00018,true,250.0,50,0.01,1.46,0.71,9.928836386319688,14177.454989101545,198.48436984742165,14177.454989101545,19.990698015821938,NaN,19.990698015821938,0.0,198.48436984742165,5822.545010898457,81.5156301525784,"[20.0, 20.0, 20.0, 20.0, 20.0, 20.0, 20.0, 20.0, 20.0, 20.0]"
Treatment5_Rep5,5,false,20.0,0.00018,true,250.0,50,0.01,1.46,0.69,9.916616714950463,14006.005853461238,196.08408194845734,14006.00585346124,19.773284335254942,NaN,19.773284335254942,0.0,196.08408194845737,5993.994146538763,83.91591805154268,"[20.0, 20.0, 20.0, 20.0, 20.0, 20.0, 20.0, 20.0, 20.0, 20.0]"
Treatment5_Rep6,5,false,20.0,0.00018,true,250.0,50,0.01,1.46,0.72,9.893762869853024,14254.506085841726,199.56308520178416,14254.506085841726,20.170595134220026,NaN,20.17059513422003,0.0,199.56308520178416,5745.493914158273,80.43691479821582,"[20.0, 20.0, 20.0, 20.0, 20.0, 20.0, 20.0, 20.0, 20.0, 20.0]"
Treatment5_Rep7,5,false,20.0,0.00018,true,250.0,50,0.01,1.46,0.72,9.892877519488293,14174.60635101988,198.44448891427834,14174.60635101988,20.059329403740847,NaN,20.059329403740843,0.0,198.44448891427834,5825.39364898012,81.55551108572168,"[20.0, 20.0, 20.0, 20.0, 20.0, 20.0, 20.0, 20.0, 20.0, 20.0]"
Treatment5_Rep8,5,false,20.0,0.00018,true,250.0,50,0.01,1.46,0.71,9.909911827052806,14179.659945125812,198.51523923176137,14179.659945125812,20.031988447146407,NaN,20.031988447146404,0.0,198.51523923176137,5820.340054874189,81.48476076823866,"[20.0, 20.0, 20.0, 20.0, 20.0, 20.0, 20.0, 20.0, 20.0, 20.0]"
Treatment5_Rep9,5,false,20.0,0.00018,true,250.0,50,0.01,1.46,0.68,9.924769859991873,13920.35205065939,194.88492870923147,13920.35205065939,19.636216401837157,NaN,19.636216401837153,0.0,194.88492870923147,6079.647949340608,85.11507129076851,"[20.0, 20.0, 20.0, 20.0, 20.0, 20.0, 20.0, 20.0, 20.0, 20.0]"
Treatment5_Rep10,5,false,20.0,0.00018,true,250.0,50,0.01,1.46,0.72,9.897947015562458,14231.821516551534,199.24550123172148,14231.821516551532,20.12998260330647,NaN,20.129982603306466,0.0,199.24550123172145,5768.178483448463,80.7544987682785,"[20.0, 20.0, 20.0, 20.0, 20.0, 20.0, 20.0, 20.0, 20.0, 20.0]"
Treatment5_Rep11,5,false,20.0,0.00018,true,250.0,50,0.01,1.46,0.68,9.894793138775938,14057.913248319262,196.81078547646968,14057.913248319262,19.890338556467963,NaN,19.89033855646796,0.0,196.81078547646968,5942.086751680737,83.18921452353031,"[20.0, 20.0, 20.0, 20.0, 20.0, 20.0, 20.0, 20.0, 20.0, 20.0]"
Treatment5_Rep12,5,false,20.0,0.00018,true,250.0,50,0.01,1.46,0.71,9.894213112413862,14152.082318349414,198.1291524568918,14152.082318349416,20.02475085242578,NaN,20.024750852425782,0.0,198.12915245689183,5847.917681650587,81.87084754310821,"[20.0, 20.0, 20.0, 20.0, 20.0, 20.0, 20.0, 20.0, 20.0, 20.0]"
Treatment5_Rep13,5,false,20.0,0.00018,true,250.0,50,0.01,1.46,0.68,9.895510370123034,13994.19840610776,195.91877768550864,13994.19840610776,19.798754218583344,NaN,19.798754218583348,0.0,195.91877768550864,6005.80159389224,84.08122231449136,"[20.0, 20.0, 20.0, 20.0, 20.0, 20.0, 20.0, 20.0, 20.0, 20.0]"
Treatment5_Rep14,5,false,20.0,0.00018,true,250.0,50,0.01,1.46,0.72,9.862091539271486,14189.520824624951,198.65329154474932,14189.520824624951,20.14311981933032,NaN,20.143119819330323,0.0,198.65329154474932,5810.479175375051,81.34670845525072,"[20.0, 20.0, 20.0, 20.0, 20.0, 20.0, 20.0, 20.0, 20.0, 20.0]"
Treatment5_Rep15,5,false,20.0,0.00018,true,250.0,50,0.01,1.46,0.7,9.877202497807584,14048.428377886572,196.677997290412,14048.428377886572,19.912318020620525,NaN,19.91231802062052,0.0,196.677997290412,5951.571622113429,83.322002709588,"[20.0, 20.0, 20.0, 20.0, 20.0, 20.0, 20.0, 20.0, 20.0, 20.0]"
Treatment5_Rep16,5,false,20.0,0.00018,true,250.0,50,0.01,1.46,0.7,9.878093516234081,14138.312933819438,197.93638107347212,14138.312933819438,20.037913262126445,NaN,20.03791326212644,0.0,197.93638107347212,5861.687066180563,82.0636189265279,"[20.0, 20.0, 20.0, 20.0, 20.0, 20.0, 20.0, 20.0, 20.0, 20.0]"
Treatment5_Rep17,5,false,20.0,0.00018,true,250.0,50,0.01,1.46,0.7,9.897242100864755,14128.577627843493,197.80008678980892,14128.577627843493,19.98537418545379,NaN,19.985374185453786,0.0,197.80008678980892,5871.422372156507,82.1999132101911,"[20.0, 20.0, 20.0, 20.0, 20.0, 20.0, 20.0, 20.0, 20.0, 20.0]"
Treatment5_Rep18,5,false,20.0,0.00018,true,250.0,50,0.01,1.46,0.71,9.901270244504726,14138.581134643531,197.94013588500945,14138.581134643531,19.991388074158223,NaN,19.991388074158223,0.0,197.94013588500945,5861.418865356469,82.05986411499056,"[20.0, 20.0, 20.0, 20.0, 20.0, 20.0, 20.0, 20.0, 20.0, 20.0]"
Treatment5_Rep19,5,false,20.0,0.00018,true,250.0,50,0.01,1.46,0.71,9.912078592455495,14196.267280637265,198.7477419289217,14196.267280637265,20.051065987329547,NaN,20.051065987329547,0.0,198.7477419289217,5803.732719362733,81.25225807107827,"[20.0, 20.0, 20.0, 20.0, 20.0, 20.0, 20.0, 20.0, 20.0, 20.0]"
Treatment5_Rep20,5,false,20.0,0.00018,true,250.0,50,0.01,1.46,0.72,9.884572169401087,14255.642689096956,199.5789976473574,14255.642689096958,20.190959631533552,NaN,20.19095963153355,0.0,199.57899764735743,5744.357310903039,80.42100235264256,"[20.0, 20.0, 20.0, 20.0, 20.0, 20.0, 20.0, 20.0, 20.0, 20.0]"
Treatment6_Rep1,6,false,20.0,0.00018,false,250.0,50,0.01,1.46,0.69,9.8974051731615,11658.200485370093,163.2148067951813,11658.200485370093,16.490666385747858,NaN,16.490666385747854,0.0,163.2148067951813,8341.799514629907,116.7851932048187,"[20.0, 20.0, 20.0, 20.0, 20.0, 20.0, 20.0, 20.0, 20.0, 20.0]"
Treatment6_Rep2,6,false,20.0,0.00018,false,250.0,50,0.01,1.46,0.68,9.895760656468365,11513.538303307972,161.1895362463116,11513.53830330797,16.288746448303606,NaN,16.288746448303602,0.0,161.1895362463116,8486.461696692028,118.81046375368838,"[20.0, 20.0, 20.0, 20.0, 20.0, 20.0, 20.0, 20.0, 20.0, 20.0]"
Treatment6_Rep3,6,false,20.0,0.00018,false,250.0,50,0.01,1.46,0.7,9.903198667676742,11793.394359103355,165.10752102744698,11793.394359103355,16.672140645460832,NaN,16.67214064546083,0.0,165.10752102744698,8206.605640896645,114.89247897255304,"[20.0, 20.0, 20.0, 20.0, 20.0, 20.0, 20.0, 20.0, 20.0, 20.0]"
Treatment6_Rep4,6,false,20.0,0.00018,false,250.0,50,0.01,1.46,0.69,9.920582477759075,11657.392666802012,163.20349733522818,11657.392666802014,16.45099949535359,NaN,16.450999495353592,0.0,163.2034973352282,8342.607333197988,116.79650266477184,"[20.0, 20.0, 20.0, 20.0, 20.0, 20.0, 20.0, 20.0, 20.0, 20.0]"
Treatment6_Rep5,6,false,20.0,0.00018,false,250.0,50,0.01,1.46,0.68,9.885207112649448,11511.921243023642,161.166897402331,11511.921243023642,16.303846299395826,NaN,16.303846299395822,0.0,161.166897402331,8488.078756976358,118.83310259766901,"[20.0, 20.0, 20.0, 20.0, 20.0, 20.0, 20.0, 20.0, 20.0, 20.0]"
Treatment6_Rep6,6,false,20.0,0.00018,false,250.0,50,0.01,1.46,0.68,9.90409647530511,11515.976470032978,161.2236705804617,11515.976470032978,16.278483452019785,NaN,16.27848345201978,0.0,161.2236705804617,8484.023529967022,118.77632941953831,"[20.0, 20.0, 20.0, 20.0, 20.0, 20.0, 20.0, 20.0, 20.0, 20.0]"
Treatment6_Rep7,6,false,20.0,0.00018,false,250.0,50,0.01,1.46,0.7,9.915671478046956,11801.018074785907,165.2142530470027,11801.018074785907,16.66193292232229,NaN,16.661932922322286,0.0,165.2142530470027,8198.981925214091,114.78574695299729,"[20.0, 20.0, 20.0, 20.0, 20.0, 20.0, 20.0, 20.0, 20.0, 20.0]"
Treatment6_Rep8,6,false,20.0,0.00018,false,250.0,50,0.01,1.46,0.71,9.904539724785506,11935.216605750298,167.09303248050418,11935.216605750298,16.87034805487872,NaN,16.870348054878722,0.0,167.09303248050418,8064.783394249705,112.90696751949588,"[20.0, 20.0, 20.0, 20.0, 20.0, 20.0, 20.0, 20.0, 20.0, 20.0]"
Treatment6_Rep9,6,false,20.0,0.00018,false,250.0,50,0.01,1.46,0.69,9.903730331107765,11657.05716948506,163.19880037279086,11657.057169485062,16.478518186241498,NaN,16.478518186241505,0.0,163.19880037279088,8342.942830514938,116.80119962720913,"[20.0, 20.0, 20.0, 20.0, 20.0, 20.0, 20.0, 20.0, 20.0, 20.0]"
Treatment6_Rep10,6,false,20.0,0.00018,false,250.0,50,0.01,1.46,0.72,9.906108914413856,12067.41260235615,168.94377643298608,12067.412602356148,17.05450423497413,NaN,17.054504234974125,0.0,168.94377643298606,7932.587397643849,111.05622356701389,"[20.0, 20.0, 20.0, 20.0, 20.0, 20.0, 20.0, 20.0, 20.0, 20.0]"
Treatment6_Rep11,6,false,20.0,0.00018,false,250.0,50,0.01,1.46,0.72,9.896066742064926,12073.826317263203,169.03356844168485,12073.826317263203,17.08088403680411,NaN,17.080884036804107,0.0,169.03356844168485,7926.173682736797,110.96643155831515,"[20.0, 20.0, 20.0, 20.0, 20.0, 20.0, 20.0, 20.0, 20.0, 20.0]"
Treatment6_Rep12,6,false,20.0,0.00018,false,250.0,50,0.01,1.46,0.68,9.889107746204825,11515.916783559087,161.22283496982723,11515.916783559089,16.30307193606018,NaN,16.303071936060185,0.0,161.22283496982723,8484.08321644091,118.77716503017274,"[20.0, 20.0, 20.0, 20.0, 20.0, 20.0, 20.0, 20.0, 20.0, 20.0]"
Treatment6_Rep13,6,false,20.0,0.00018,false,250.0,50,0.01,1.46,0.7,9.897906943693924,11794.041892020696,165.11658648828976,11794.041892020692,16.681969978863815,NaN,16.68196997886381,0.0,165.1165864882897,8205.95810797931,114.88341351171034,"[20.0, 20.0, 20.0, 20.0, 20.0, 20.0, 20.0, 20.0, 20.0, 20.0]"
Treatment6_Rep14,6,false,20.0,0.00018,false,250.0,50,0.01,1.46,0.72,9.91299223371662,12072.103493473882,169.00944890863434,12072.103493473878,17.049286928097253,NaN,17.04928692809725,0.0,169.0094489086343,7927.896506526119,110.99055109136567,"[20.0, 20.0, 20.0, 20.0, 20.0, 20.0, 20.0, 20.0, 20.0, 20.0]"
Treatment6_Rep15,6,false,20.0,0.00018,false,250.0,50,0.01,1.46,0.71,9.903152277046935,11929.565091322589,167.01391127851625,11929.565091322589,16.864722121421206,NaN,16.864722121421202,0.0,167.01391127851625,8070.434908677409,112.98608872148372,"[20.0, 20.0, 20.0, 20.0, 20.0, 20.0, 20.0, 20.0, 20.0, 20.0]"
Treatment6_Rep16,6,false,20.0,0.00018,false,250.0,50,0.01,1.46,0.71,9.894517791435716,11932.545050132561,167.05563070185588,11932.545050132561,16.883655598300333,NaN,16.883655598300333,0.0,167.05563070185588,8067.4549498674405,112.94436929814417,"[20.0, 20.0, 20.0, 20.0, 20.0, 20.0, 20.0, 20.0, 20.0, 20.0]"
Treatment6_Rep17,6,false,20.0,0.00018,false,250.0,50,0.01,1.46,0.69,9.889215920726508,11646.846865439393,163.0558561161515,11646.846865439391,16.48824916183776,NaN,16.488249161837757,0.0,163.0558561161515,8353.153134560607,116.9441438838485,"[20.0, 20.0, 20.0, 20.0, 20.0, 20.0, 20.0, 20.0, 20.0, 20.0]"
Treatment6_Rep18,6,false,20.0,0.00018,false,250.0,50,0.01,1.46,0.68,9.918485689904733,11519.68145170099,161.27554032381386,11519.68145170099,16.260097092035316,NaN,16.260097092035316,0.0,161.27554032381386,8480.31854829901,118.72445967618614,"[20.0, 20.0, 20.0, 20.0, 20.0, 20.0, 20.0, 20.0, 20.0, 20.0]"
Treatment6_Rep19,6,false,20.0,0.00018,false,250.0,50,0.01,1.46,0.72,9.90807780281646,12066.181644066022,168.9265430169243,12066.18164406602,17.049375911128337,NaN,17.049375911128337,0.0,168.92654301692428,7933.818355933979,111.0734569830757,"[20.0, 20.0, 20.0, 20.0, 20.0, 20.0, 20.0, 20.0, 20.0, 20.0]"
Treatment6_Rep20,6,false,20.0,0.00018,false,250.0,50,0.01,1.46,0.69,9.8889315534349,11652.541862328048,163.13558607259267,11652.541862328046,16.496785844971075,NaN,16.496785844971072,0.0,163.13558607259264,8347.458137671952,116.86441392740734,"[20.0, 20.0, 20.0, 20.0, 20.0, 20.0, 20.0, 20.0, 20.0, 20.0]"
Treatment7_Rep1,7,true,20.0,0.00018,true,250.0,50,0.01,1.46,0.7,8.298934767036762,13242.535116548876,185.39549163168425,7262.508731438201,22.339673323867085,26.187537422359796,19.92856102905242,83.72036939154945,101.67512224013481,6757.464883451125,94.60450836831576,"[20.0, 20.0, 20.0, 20.0, 20.0, 20.0, 20.0, 20.0, 20.0, 20.0]"
Treatment7_Rep2,7,true,20.0,0.00018,true,250.0,50,0.01,1.46,0.71,8.260853424378565,13354.96743552471,186.96954409734593,7200.972200835305,22.63319956090505,26.17838469988416,20.2854743507836,86.15593328565168,100.81361081169426,6645.032564475287,93.03045590265401,"[20.0, 20.0, 20.0, 20.0, 20.0, 20.0, 20.0, 20.0, 20.0, 20.0]"
Treatment7_Rep3,7,true,20.0,0.00018,true,250.0,50,0.01,1.46,0.69,8.226951478535181,13208.92648644451,184.92497081022316,7024.8073107768305,22.47794596731343,25.93040484390584,20.119724051440162,86.57766845934754,98.34730235087562,6791.073513555488,95.07502918977683,"[20.0, 20.0, 20.0, 20.0, 20.0, 20.0, 20.0, 20.0, 20.0, 20.0]"
Treatment7_Rep4,7,true,20.0,0.00018,true,250.0,50,0.01,1.46,0.72,8.237117585408832,13399.631269757236,187.5948377766013,7177.448678723844,22.774330441622613,26.275995926904233,20.415736508197458,87.11055627446746,100.48428150213381,6600.368730242767,92.40516222339873,"[20.0, 20.0, 20.0, 20.0, 20.0, 20.0, 20.0, 20.0, 20.0, 20.0]"
Treatment7_Rep5,7,true,20.0,0.00018,true,250.0,50,0.01,1.46,0.72,8.266806102327028,13357.164484843524,187.00030278780935,7149.5661914727525,22.620622822539715,26.39700034452973,20.121308083321054,86.9063761071909,100.09392668061854,6642.835515156468,92.99969721219055,"[20.0, 20.0, 20.0, 20.0, 20.0, 20.0, 20.0, 20.0, 20.0, 20.0]"
Treatment7_Rep6,7,true,20.0,0.00018,true,250.0,50,0.01,1.46,0.68,8.233500118403947,13165.289714875025,184.31405600825036,7007.8038485430525,22.385869114917725,26.038509895124797,19.929423976954418,86.2048021286476,98.10925387960273,6834.710285124974,95.68594399174964,"[20.0, 20.0, 20.0, 20.0, 20.0, 20.0, 20.0, 20.0, 20.0, 20.0]"
Treatment7_Rep7,7,true,20.0,0.00018,true,250.0,50,0.01,1.46,0.71,8.221701587356526,13279.26407316681,185.90969702433534,6985.201051319788,22.61207063392212,26.015371995315416,20.22772316566562,88.11688230585833,97.79281471847703,6720.73592683319,94.09030297566467,"[20.0, 20.0, 20.0, 20.0, 20.0, 20.0, 20.0, 20.0, 20.0, 20.0]"
Treatment7_Rep8,7,true,20.0,0.00018,true,250.0,50,0.01,1.46,0.7,8.303068222486097,13256.745806943687,185.59444129721163,7206.595911521301,22.35251311010439,26.488420056880315,19.762022316224165,84.70209853591344,100.89234276129821,6743.254193056314,94.4055587027884,"[20.0, 20.0, 20.0, 20.0, 20.0, 20.0, 20.0, 20.0, 20.0, 20.0]"
Treatment7_Rep9,7,true,20.0,0.00018,true,250.0,50,0.01,1.46,0.7,8.33064645351818,13208.876382995511,184.92426936193718,7324.522452212151,22.1980695488332,26.3429781576121,19.706978494355397,82.38095503096704,102.5433143309701,6791.1236170044895,95.07573063806285,"[20.0, 20.0, 20.0, 20.0, 20.0, 20.0, 20.0, 20.0, 20.0, 20.0]"
Treatment7_Rep10,7,true,20.0,0.00018,true,250.0,50,0.01,1.46,0.68,8.252121633691491,13180.783943055183,184.53097520277257,7053.266535816717,22.36164024162896,26.088692431282457,19.892747668553735,85.78524370133856,98.74573150143404,6819.216056944814,95.4690247972274,"[20.0, 20.0, 20.0, 20.0, 20.0, 20.0, 20.0, 20.0, 20.0, 20.0]"
Treatment7_Rep11,7,true,20.0,0.00018,true,250.0,50,0.01,1.46,0.72,8.287517849709637,13357.095751575025,186.99934052205035,7233.53338590188,22.563974390547113,26.294197438381627,20.144679050041958,85.72987311942406,101.26946740262632,6642.904248424973,93.00065947794963,"[20.0, 20.0, 20.0, 20.0, 20.0, 20.0, 20.0, 20.0, 20.0, 20.0]"
Treatment7_Rep12,7,true,20.0,0.00018,true,250.0,50,0.01,1.46,0.71,8.188055401694731,13321.643665929325,186.50301132301055,7028.80737071857,22.77744863382445,25.900824155331204,20.557948454995163,88.09970813295054,98.40330319005999,6678.356334070679,93.4969886769895,"[20.0, 20.0, 20.0, 20.0, 20.0, 20.0, 20.0, 20.0, 20.0, 20.0]"
Treatment7_Rep13,7,true,20.0,0.00018,true,250.0,50,0.01,1.46,0.68,8.242184909341638,13096.670358469297,183.35338501857015,6943.616555117084,22.24572574327453,25.504441186131384,19.98316670449015,86.14275324693095,97.21063177163919,6903.329641530703,96.64661498142985,"[20.0, 20.0, 20.0, 20.0, 20.0, 20.0, 20.0, 20.0, 20.0, 20.0]"
Treatment7_Rep14,7,true,20.0,0.00018,true,250.0,50,0.01,1.46,0.71,8.30728896507007,13260.652577095943,185.6491360793432,7213.280691104308,22.347740262791895,26.516137699310594,19.745428834108523,84.66320640388294,100.98592967546031,6739.3474229040585,94.35086392065682,"[20.0, 20.0, 20.0, 20.0, 20.0, 20.0, 20.0, 20.0, 20.0, 20.0]"
Treatment7_Rep15,7,true,20.0,0.00018,true,250.0,50,0.01,1.46,0.68,8.246579144111198,13129.613599733058,183.81459039626282,7078.058587106397,22.28979885890297,26.12306284547398,19.805096210929207,84.72177017677323,99.09282021948955,6870.3864002669425,96.1854096037372,"[20.0, 20.0, 20.0, 20.0, 20.0, 20.0, 20.0, 20.0, 20.0, 20.0]"
Treatment7_Rep16,7,true,20.0,0.00018,true,250.0,50,0.01,1.46,0.7,8.280042193951186,13294.745326529515,186.12643457141323,7206.368509251027,22.4789234416443,26.10270341910354,20.119146553861174,85.23727544189883,100.88915912951438,6705.254673470485,93.87356542858679,"[20.0, 20.0, 20.0, 20.0, 20.0, 20.0, 20.0, 20.0, 20.0, 20.0]"
Treatment7_Rep17,7,true,20.0,0.00018,true,250.0,50,0.01,1.46,0.7,8.201382803847443,13237.58535088571,185.32619491239996,6980.089835857345,22.596944850014744,25.902325854331746,20.27724762001048,87.60493721039714,97.72125770200283,6762.414649114288,94.67380508760004,"[20.0, 20.0, 20.0, 20.0, 20.0, 20.0, 20.0, 20.0, 20.0, 20.0]"
Treatment7_Rep18,7,true,20.0,0.00018,true,250.0,50,0.01,1.46,0.71,8.262400719332144,13293.32946635245,186.1066125289343,7194.473402830133,22.524520275745893,26.22677060384055,20.117180222142714,85.38398488931244,100.72262763962186,6706.670533647549,93.89338747106568,"[20.0, 20.0, 20.0, 20.0, 20.0, 20.0, 20.0, 20.0, 20.0, 20.0]"
Treatment7_Rep19,7,true,20.0,0.00018,true,250.0,50,0.01,1.46,0.68,8.205173459810258,13125.767391785852,183.76074348500194,6952.8625468391565,22.395717090574625,25.66454358697129,20.120499103437826,86.42066782925372,97.3400756557482,6874.232608214152,96.23925651499813,"[20.0, 20.0, 20.0, 20.0, 20.0, 20.0, 20.0, 20.0, 20.0, 20.0]"
Treatment7_Rep20,7,true,20.0,0.00018,true,250.0,50,0.01,1.46,0.71,8.253719997987039,13302.932584045393,186.2410561766355,7094.261158729197,22.5644989437559,26.33000411687872,20.054489078368867,86.9213999544268,99.31965622220875,6697.067415954604,93.75894382336446,"[20.0, 20.0, 20.0, 20.0, 20.0, 20.0, 20.0, 20.0, 20.0, 20.0]"
Treatment8_Rep1,8,true,20.0,0.00018,false,250.0,50,0.01,1.46,0.71,8.209742034971963,11397.982691892827,159.57175768649958,5820.186089387534,19.436878406989376,23.136262890420955,16.854200646292604,78.08915243507408,81.48260525142547,8602.017308107173,120.42824231350043,"[20.0, 20.0, 20.0, 20.0, 20.0, 20.0, 20.0, 20.0, 20.0, 20.0]"
Treatment8_Rep2,8,true,20.0,0.00018,false,250.0,50,0.01,1.46,0.69,8.32337517463705,11181.362442853404,156.53907419994766,6070.110349064758,18.807163069730752,22.64634061603262,16.457835410201664,71.55752931304107,84.98154488690662,8818.637557146596,123.46092580005235,"[20.0, 20.0, 20.0, 20.0, 20.0, 20.0, 20.0, 20.0, 20.0, 20.0]"
Treatment8_Rep3,8,true,20.0,0.00018,false,250.0,50,0.01,1.46,0.7,8.22865657912416,11255.64492704087,157.57902897857218,5731.20945815213,19.150031048609463,23.055131776145487,16.462241695363733,77.34209656444231,80.23693241412981,8744.35507295913,122.42097102142782,"[20.0, 20.0, 20.0, 20.0, 20.0, 20.0, 20.0, 20.0, 20.0, 20.0]"
Treatment8_Rep4,8,true,20.0,0.00018,false,250.0,50,0.01,1.46,0.69,8.319002872206285,11165.13908555288,156.31194719774032,6009.670339020054,18.789745549911657,22.716838170808618,16.363099960072788,72.17656245145962,84.13538474628075,8834.860914447117,123.68805280225965,"[20.0, 20.0, 20.0, 20.0, 20.0, 20.0, 20.0, 20.0, 20.0, 20.0]"
Treatment8_Rep5,8,true,20.0,0.00018,false,250.0,50,0.01,1.46,0.68,8.198064905896752,11017.313413816186,154.24238779342662,5613.088959357682,18.81448726790175,22.480961266710967,16.26110804222015,75.65914236241903,78.58324543100755,8982.686586183814,125.7576122065734,"[20.0, 20.0, 20.0, 20.0, 20.0, 20.0, 20.0, 20.0, 20.0, 20.0]"
Treatment8_Rep6,8,true,20.0,0.00018,false,250.0,50,0.01,1.46,0.71,8.286210764679142,11405.527306624956,159.67738229274937,6045.776395726994,19.27025353656116,23.26916631560867,16.722513105520893,75.03651275257147,84.64086954017792,8594.472693375043,120.3226177072506,"[20.0, 20.0, 20.0, 20.0, 20.0, 20.0, 20.0, 20.0, 20.0, 20.0]"
Treatment8_Rep7,8,true,20.0,0.00018,false,250.0,50,0.01,1.46,0.72,8.260275764168435,11528.708422383193,161.4019179133647,6046.144615616631,19.53953142987026,23.34610249981736,17.022704869898767,76.75589329473188,84.64602461863284,8471.29157761681,118.59808208663534,"[20.0, 20.0, 20.0, 20.0, 20.0, 20.0, 20.0, 20.0, 20.0, 20.0]"
Treatment8_Rep8,8,true,20.0,0.00018,false,250.0,50,0.01,1.46,0.72,8.226677100454612,11521.177569319865,161.2964859704781,5949.179678304721,19.6065171880351,23.28135982785801,17.081267352103144,78.00797047421204,83.2885154962661,8478.822430680135,118.70351402952188,"[20.0, 20.0, 20.0, 20.0, 20.0, 20.0, 20.0, 20.0, 20.0, 20.0]"
Treatment8_Rep9,8,true,20.0,0.00018,false,250.0,50,0.01,1.46,0.72,8.27679558259732,11524.677901342648,161.34549061879707,6093.93666915368,19.493714567270448,23.444204910969564,16.948583886012678,76.03037725064549,85.31511336815151,8475.322098657352,118.65450938120294,"[20.0, 20.0, 20.0, 20.0, 20.0, 20.0, 20.0, 20.0, 20.0, 20.0]"
Treatment8_Rep10,8,true,20.0,0.00018,false,250.0,50,0.01,1.46,0.72,8.25749842995059,11538.629941087162,161.54081917522026,6129.617111828635,19.562924600663454,23.25288505811792,17.159967620094143,75.72617960961938,85.81463956560088,8461.37005891284,118.45918082477976,"[20.0, 20.0, 20.0, 20.0, 20.0, 20.0, 20.0, 20.0, 20.0, 20.0]"
Treatment8_Rep11,8,true,20.0,0.00018,false,250.0,50,0.01,1.46,0.69,8.268364176473304,11155.721953880968,156.18010735433356,5922.133103631832,18.888876205855375,22.688735089993326,16.45364234318788,73.27024390348788,82.90986345084565,8844.27804611903,123.81989264566643,"[20.0, 20.0, 20.0, 20.0, 20.0, 20.0, 20.0, 20.0, 20.0, 20.0]"
Treatment8_Rep12,8,true,20.0,0.00018,false,250.0,50,0.01,1.46,0.68,8.269701277900078,11044.94905933509,154.62928683069126,5835.483446526466,18.69829170781804,22.206092189267228,16.387355513401108,72.9325185793207,81.69676825137053,8955.050940664913,125.37071316930877,"[20.0, 20.0, 20.0, 20.0, 20.0, 20.0, 20.0, 20.0, 20.0, 20.0]"
Treatment8_Rep13,8,true,20.0,0.00018,false,250.0,50,0.01,1.46,0.69,8.240811844304018,11152.047738626812,156.12866834077536,5759.112501038199,18.945787295057617,22.712385052998687,16.3990972777319,75.50109332624058,80.6275750145348,8847.952261373186,123.87133165922461,"[20.0, 20.0, 20.0, 20.0, 20.0, 20.0, 20.0, 20.0, 20.0, 20.0]"
Treatment8_Rep14,8,true,20.0,0.00018,false,250.0,50,0.01,1.46,0.68,8.12819806785432,11030.898345728769,154.43257684020276,5447.609633092401,18.999607975961865,22.00623818054277,16.665897291166047,78.16604197690913,76.26653486329361,8969.101654271233,125.56742315979727,"[20.0, 20.0, 20.0, 20.0, 20.0, 20.0, 20.0, 20.0, 20.0, 20.0]"
Treatment8_Rep15,8,true,20.0,0.00018,false,250.0,50,0.01,1.46,0.72,8.211813162954735,11520.552172233965,161.28773041127553,5940.178272634666,19.640940095773164,23.368021867340584,17.081541890688978,78.12523459439018,83.16249581688533,8479.447827766036,118.71226958872451,"[20.0, 20.0, 20.0, 20.0, 20.0, 20.0, 20.0, 20.0, 20.0, 20.0]"
Treatment8_Rep16,8,true,20.0,0.00018,false,250.0,50,0.01,1.46,0.69,8.233877656187214,11162.420556353569,156.27388778894996,5806.232367295303,18.979379378016443,22.51456148891206,16.578091417717186,74.98663464681577,81.28725314213425,8837.579443646431,123.72611221105004,"[20.0, 20.0, 20.0, 20.0, 20.0, 20.0, 20.0, 20.0, 20.0, 20.0]"
Treatment8_Rep17,8,true,20.0,0.00018,false,250.0,50,0.01,1.46,0.7,8.316769789094376,11303.256942900429,158.245597200606,6120.835696078269,19.027290788800055,22.785613538780137,16.69566402479005,72.55389745551022,85.69169974509578,8696.743057099571,121.754402799394,"[20.0, 20.0, 20.0, 20.0, 20.0, 20.0, 20.0, 20.0, 20.0, 20.0]"
Treatment8_Rep18,8,true,20.0,0.00018,false,250.0,50,0.01,1.46,0.69,8.318261763714425,11152.304350266611,156.13226090373257,5941.206474757496,18.769818183025475,22.911605500764182,16.201023939307333,72.95537025712763,83.17689064660495,8847.695649733389,123.86773909626744,"[20.0, 20.0, 20.0, 20.0, 20.0, 20.0, 20.0, 20.0, 20.0, 20.0]"
Treatment8_Rep19,8,true,20.0,0.00018,false,250.0,50,0.01,1.46,0.71,8.193820581917333,11383.876380566971,159.3742693279376,5766.075528427789,19.45054419176023,23.196340608008423,16.806398597527988,78.64921192994855,80.72505739798905,8616.12361943303,120.62573067206243,"[20.0, 20.0, 20.0, 20.0, 20.0, 20.0, 20.0, 20.0, 20.0, 20.0]"
Treatment8_Rep20,8,true,20.0,0.00018,false,250.0,50,0.01,1.46,0.7,8.224601388431589,11265.03275751764,157.71045860524697,5784.707714338007,19.175453150480518,22.936100069243953,16.597317394594963,76.72455060451486,80.9859080007321,8734.967242482358,122.28954139475302,"[20.0, 20.0, 20.0, 20.0, 20.0, 20.0, 20.0, 20.0, 20.0, 20.0]"
